{"cameraMode":{"drawMode":0,"name":"Shaded","section":"Shading Mode"},"sceneLighting":false,"audioPlay":false,"sceneViewState":{"showFog":true,"showMaterialUpdate":false,"showSkybox":false,"showFlares":true,"showImageEffects":true,"showParticleSystems":true},"in2DMode":false,"pivot":{"x":-0.5970563888549805,"y":4.017974853515625,"z":-0.8487262725830078},"rotation":{"x":-0.4573090374469757,"y":-0.4138222634792328,"z":-0.2540030777454376,"w":0.7450549602508545},"size":12.034067153930664,"orthographic":false}