{"cameraMode":{"drawMode":0,"name":"Shaded","section":"Shading Mode"},"sceneLighting":true,"audioPlay":false,"sceneViewState":{"showFog":true,"showMaterialUpdate":false,"showSkybox":true,"showFlares":true,"showImageEffects":true,"showParticleSystems":true},"in2DMode":false,"pivot":{"x":4.911493301391602,"y":15.270416259765625,"z":24.75157928466797},"rotation":{"x":0.4535352885723114,"y":-0.13148045539855958,"z":0.06784997880458832,"w":0.8788741827011108},"size":150.84312438964845,"orthographic":false}