{"cameraMode":{"drawMode":0,"name":"Shaded","section":"Shading Mode"},"sceneLighting":false,"audioPlay":false,"sceneViewState":{"showFog":true,"showMaterialUpdate":false,"showSkybox":false,"showFlares":true,"showImageEffects":true,"showParticleSystems":true},"in2DMode":false,"pivot":{"x":-1.2300000190734864,"y":2.802999973297119,"z":0.7400000095367432},"rotation":{"x":-0.03861508518457413,"y":0.34214678406715395,"z":0.014048835262656212,"w":0.9387689232826233},"size":9.497194290161133,"orthographic":false}