{"cameraMode":{"drawMode":0,"name":"Shaded","section":"Shading Mode"},"sceneLighting":true,"audioPlay":false,"sceneViewState":{"showFog":true,"showMaterialUpdate":false,"showSkybox":true,"showFlares":true,"showImageEffects":true,"showParticleSystems":true},"in2DMode":false,"pivot":{"x":9.956207275390625,"y":1.2265000343322755,"z":-0.8119999170303345},"rotation":{"x":-0.2295364886522293,"y":0.04904010891914368,"z":-0.011574510484933854,"w":-0.9720094203948975},"size":6.0798468589782719,"orthographic":false}